[{"model": "admin.logentry", "pk": 1, "fields": {"action_time": "2021-06-15T17:01:04.468Z", "user": 1, "content_type": 6, "object_id": "2", "object_repr": "capt_obvious", "action_flag": 1, "change_message": "[{\"added\": {}}]"}}, {"model": "admin.logentry", "pk": 2, "fields": {"action_time": "2021-06-15T17:01:49.638Z", "user": 1, "content_type": 9, "object_id": "1", "object_repr": "Драма", "action_flag": 1, "change_message": "[{\"added\": {}}]"}}, {"model": "admin.logentry", "pk": 3, "fields": {"action_time": "2021-06-15T17:02:10.351Z", "user": 1, "content_type": 7, "object_id": "1", "object_repr": "Фильм", "action_flag": 1, "change_message": "[{\"added\": {}}]"}}, {"model": "admin.logentry", "pk": 4, "fields": {"action_time": "2021-06-15T17:02:41.161Z", "user": 1, "content_type": 11, "object_id": "1", "object_repr": "обег из Шоушенка", "action_flag": 1, "change_message": "[{\"added\": {}}]"}}, {"model": "admin.logentry", "pk": 5, "fields": {"action_time": "2021-06-15T17:03:10.427Z", "user": 1, "content_type": 10, "object_id": "1", "object_repr": "Review object (1)", "action_flag": 1, "change_message": "[{\"added\": {}}]"}}, {"model": "admin.logentry", "pk": 6, "fields": {"action_time": "2021-06-15T17:05:46.996Z", "user": 1, "content_type": 11, "object_id": "1", "object_repr": "обег из Шоушенка", "action_flag": 3, "change_message": ""}}, {"model": "admin.logentry", "pk": 7, "fields": {"action_time": "2021-06-15T17:06:14.570Z", "user": 1, "content_type": 11, "object_id": "2", "object_repr": "Побег из Шоушенка", "action_flag": 1, "change_message": "[{\"added\": {}}]"}}, {"model": "admin.logentry", "pk": 8, "fields": {"action_time": "2021-06-15T17:06:38.246Z", "user": 1, "content_type": 7, "object_id": "2", "object_repr": "Книга", "action_flag": 1, "change_message": "[{\"added\": {}}]"}}, {"model": "admin.logentry", "pk": 9, "fields": {"action_time": "2021-06-15T17:06:48.027Z", "user": 1, "content_type": 7, "object_id": "3", "object_repr": "Музыка", "action_flag": 1, "change_message": "[{\"added\": {}}]"}}, {"model": "admin.logentry", "pk": 10, "fields": {"action_time": "2021-06-15T17:07:06.577Z", "user": 1, "content_type": 9, "object_id": "2", "object_repr": "Комедия", "action_flag": 1, "change_message": "[{\"added\": {}}]"}}, {"model": "admin.logentry", "pk": 11, "fields": {"action_time": "2021-06-15T17:07:16.736Z", "user": 1, "content_type": 9, "object_id": "3", "object_repr": "Вестерн", "action_flag": 1, "change_message": "[{\"added\": {}}]"}}, {"model": "admin.logentry", "pk": 12, "fields": {"action_time": "2021-06-15T17:07:27.521Z", "user": 1, "content_type": 9, "object_id": "4", "object_repr": "Фэнтези", "action_flag": 1, "change_message": "[{\"added\": {}}]"}}, {"model": "admin.logentry", "pk": 13, "fields": {"action_time": "2021-06-15T17:07:41.144Z", "user": 1, "content_type": 9, "object_id": "5", "object_repr": "Фантастика", "action_flag": 1, "change_message": "[{\"added\": {}}]"}}, {"model": "admin.logentry", "pk": 14, "fields": {"action_time": "2021-06-15T17:07:51.459Z", "user": 1, "content_type": 9, "object_id": "6", "object_repr": "Детектив", "action_flag": 1, "change_message": "[{\"added\": {}}]"}}, {"model": "admin.logentry", "pk": 15, "fields": {"action_time": "2021-06-15T17:08:00.246Z", "user": 1, "content_type": 9, "object_id": "7", "object_repr": "Триллер", "action_flag": 1, "change_message": "[{\"added\": {}}]"}}, {"model": "admin.logentry", "pk": 16, "fields": {"action_time": "2021-06-15T17:08:11.664Z", "user": 1, "content_type": 9, "object_id": "8", "object_repr": "Сказка", "action_flag": 1, "change_message": "[{\"added\": {}}]"}}, {"model": "admin.logentry", "pk": 17, "fields": {"action_time": "2021-06-15T17:08:20.807Z", "user": 1, "content_type": 9, "object_id": "9", "object_repr": "Гонзо", "action_flag": 1, "change_message": "[{\"added\": {}}]"}}, {"model": "admin.logentry", "pk": 18, "fields": {"action_time": "2021-06-15T17:08:31.023Z", "user": 1, "content_type": 9, "object_id": "10", "object_repr": "Роман", "action_flag": 1, "change_message": "[{\"added\": {}}]"}}, {"model": "admin.logentry", "pk": 19, "fields": {"action_time": "2021-06-15T17:08:40.066Z", "user": 1, "content_type": 9, "object_id": "11", "object_repr": "Баллада", "action_flag": 1, "change_message": "[{\"added\": {}}]"}}, {"model": "admin.logentry", "pk": 20, "fields": {"action_time": "2021-06-15T17:08:52.058Z", "user": 1, "content_type": 9, "object_id": "12", "object_repr": "Rock-n-roll", "action_flag": 1, "change_message": "[{\"added\": {}}]"}}, {"model": "admin.logentry", "pk": 21, "fields": {"action_time": "2021-06-15T17:09:01.591Z", "user": 1, "content_type": 9, "object_id": "13", "object_repr": "Классика", "action_flag": 1, "change_message": "[{\"added\": {}}]"}}, {"model": "admin.logentry", "pk": 22, "fields": {"action_time": "2021-06-15T17:09:11.492Z", "user": 1, "content_type": 9, "object_id": "14", "object_repr": "Рок", "action_flag": 1, "change_message": "[{\"added\": {}}]"}}, {"model": "admin.logentry", "pk": 23, "fields": {"action_time": "2021-06-15T17:09:20.943Z", "user": 1, "content_type": 9, "object_id": "15", "object_repr": "Шансон", "action_flag": 1, "change_message": "[{\"added\": {}}]"}}, {"model": "admin.logentry", "pk": 24, "fields": {"action_time": "2021-06-15T17:09:54.281Z", "user": 1, "content_type": 10, "object_id": "2", "object_repr": "Review object (2)", "action_flag": 1, "change_message": "[{\"added\": {}}]"}}, {"model": "admin.logentry", "pk": 25, "fields": {"action_time": "2021-06-15T17:10:20.683Z", "user": 1, "content_type": 6, "object_id": "3", "object_repr": "bingobongo", "action_flag": 1, "change_message": "[{\"added\": {}}]"}}, {"model": "admin.logentry", "pk": 26, "fields": {"action_time": "2021-06-15T17:10:41.483Z", "user": 1, "content_type": 6, "object_id": "4", "object_repr": "faust", "action_flag": 1, "change_message": "[{\"added\": {}}]"}}, {"model": "admin.logentry", "pk": 27, "fields": {"action_time": "2021-06-15T17:11:05.465Z", "user": 1, "content_type": 6, "object_id": "5", "object_repr": "reviewer", "action_flag": 1, "change_message": "[{\"added\": {}}]"}}, {"model": "admin.logentry", "pk": 28, "fields": {"action_time": "2021-06-15T17:11:25.154Z", "user": 1, "content_type": 6, "object_id": "6", "object_repr": "angry", "action_flag": 1, "change_message": "[{\"added\": {}}]"}}, {"model": "admin.logentry", "pk": 29, "fields": {"action_time": "2021-06-15T17:11:59.253Z", "user": 1, "content_type": 11, "object_id": "3", "object_repr": "Крестный отец,", "action_flag": 1, "change_message": "[{\"added\": {}}]"}}, {"model": "admin.logentry", "pk": 30, "fields": {"action_time": "2021-06-15T17:12:11.193Z", "user": 1, "content_type": 11, "object_id": "4", "object_repr": "12 разгневанных мужчин", "action_flag": 1, "change_message": "[{\"added\": {}}]"}}, {"model": "admin.logentry", "pk": 31, "fields": {"action_time": "2021-06-15T17:12:22.266Z", "user": 1, "content_type": 11, "object_id": "5", "object_repr": "Криминальное чтиво", "action_flag": 1, "change_message": "[{\"added\": {}}]"}}, {"model": "admin.logentry", "pk": 32, "fields": {"action_time": "2021-06-15T17:12:35.043Z", "user": 1, "content_type": 11, "object_id": "6", "object_repr": "Колобок", "action_flag": 1, "change_message": "[{\"added\": {}}]"}}, {"model": "admin.logentry", "pk": 33, "fields": {"action_time": "2021-06-15T17:12:50.801Z", "user": 1, "content_type": 11, "object_id": "7", "object_repr": "Страх и ненависть в Лас-Вегасе", "action_flag": 1, "change_message": "[{\"added\": {}}]"}}, {"model": "admin.logentry", "pk": 34, "fields": {"action_time": "2021-06-15T17:13:12.037Z", "user": 1, "content_type": 11, "object_id": "8", "object_repr": "Винни Пух и все-все-все", "action_flag": 1, "change_message": "[{\"added\": {}}]"}}, {"model": "admin.logentry", "pk": 35, "fields": {"action_time": "2021-06-15T17:13:26.366Z", "user": 1, "content_type": 11, "object_id": "9", "object_repr": "Стас Михайлов - Позывные на любовь", "action_flag": 1, "change_message": "[{\"added\": {}}]"}}, {"model": "admin.logentry", "pk": 36, "fields": {"action_time": "2021-06-15T17:13:35.933Z", "user": 1, "content_type": 11, "object_id": "10", "object_repr": "Elvis Presley - Blue Suede Shoes", "action_flag": 1, "change_message": "[{\"added\": {}}]"}}, {"model": "admin.logentry", "pk": 37, "fields": {"action_time": "2021-06-15T17:13:48.288Z", "user": 1, "content_type": 11, "object_id": "11", "object_repr": "оцарт - Турецкий марш", "action_flag": 1, "change_message": "[{\"added\": {}}]"}}, {"model": "admin.logentry", "pk": 38, "fields": {"action_time": "2021-06-15T17:14:26.238Z", "user": 1, "content_type": 10, "object_id": "3", "object_repr": "Review object (3)", "action_flag": 1, "change_message": "[{\"added\": {}}]"}}, {"model": "admin.logentry", "pk": 39, "fields": {"action_time": "2021-06-15T17:14:47.777Z", "user": 1, "content_type": 10, "object_id": "4", "object_repr": "Review object (4)", "action_flag": 1, "change_message": "[{\"added\": {}}]"}}, {"model": "admin.logentry", "pk": 40, "fields": {"action_time": "2021-06-15T17:15:08.829Z", "user": 1, "content_type": 10, "object_id": "5", "object_repr": "Review object (5)", "action_flag": 1, "change_message": "[{\"added\": {}}]"}}, {"model": "admin.logentry", "pk": 41, "fields": {"action_time": "2021-06-15T17:15:32.420Z", "user": 1, "content_type": 10, "object_id": "6", "object_repr": "Review object (6)", "action_flag": 1, "change_message": "[{\"added\": {}}]"}}, {"model": "admin.logentry", "pk": 42, "fields": {"action_time": "2021-06-15T17:15:54.364Z", "user": 1, "content_type": 10, "object_id": "7", "object_repr": "Review object (7)", "action_flag": 1, "change_message": "[{\"added\": {}}]"}}, {"model": "admin.logentry", "pk": 43, "fields": {"action_time": "2021-06-15T17:16:12.861Z", "user": 1, "content_type": 10, "object_id": "8", "object_repr": "Review object (8)", "action_flag": 1, "change_message": "[{\"added\": {}}]"}}, {"model": "admin.logentry", "pk": 44, "fields": {"action_time": "2021-06-15T17:16:37.592Z", "user": 1, "content_type": 10, "object_id": "9", "object_repr": "Review object (9)", "action_flag": 1, "change_message": "[{\"added\": {}}]"}}, {"model": "admin.logentry", "pk": 45, "fields": {"action_time": "2021-06-15T17:16:54.278Z", "user": 1, "content_type": 10, "object_id": "10", "object_repr": "Review object (10)", "action_flag": 1, "change_message": "[{\"added\": {}}]"}}, {"model": "admin.logentry", "pk": 46, "fields": {"action_time": "2021-06-15T17:17:20.028Z", "user": 1, "content_type": 10, "object_id": "11", "object_repr": "Review object (11)", "action_flag": 1, "change_message": "[{\"added\": {}}]"}}, {"model": "admin.logentry", "pk": 47, "fields": {"action_time": "2021-06-15T17:17:45.581Z", "user": 1, "content_type": 8, "object_id": "1", "object_repr": "Comment object (1)", "action_flag": 1, "change_message": "[{\"added\": {}}]"}}, {"model": "admin.logentry", "pk": 48, "fields": {"action_time": "2021-06-15T17:17:58.133Z", "user": 1, "content_type": 8, "object_id": "2", "object_repr": "Comment object (2)", "action_flag": 1, "change_message": "[{\"added\": {}}]"}}, {"model": "admin.logentry", "pk": 49, "fields": {"action_time": "2021-06-15T17:18:11.723Z", "user": 1, "content_type": 8, "object_id": "3", "object_repr": "Comment object (3)", "action_flag": 1, "change_message": "[{\"added\": {}}]"}}, {"model": "admin.logentry", "pk": 50, "fields": {"action_time": "2021-06-15T17:18:28.127Z", "user": 1, "content_type": 8, "object_id": "4", "object_repr": "Comment object (4)", "action_flag": 1, "change_message": "[{\"added\": {}}]"}}, {"model": "admin.logentry", "pk": 51, "fields": {"action_time": "2021-06-15T17:18:46.575Z", "user": 1, "content_type": 8, "object_id": "5", "object_repr": "Comment object (5)", "action_flag": 1, "change_message": "[{\"added\": {}}]"}}, {"model": "auth.permission", "pk": 1, "fields": {"name": "Can add log entry", "content_type": 1, "codename": "add_logentry"}}, {"model": "auth.permission", "pk": 2, "fields": {"name": "Can change log entry", "content_type": 1, "codename": "change_logentry"}}, {"model": "auth.permission", "pk": 3, "fields": {"name": "Can delete log entry", "content_type": 1, "codename": "delete_logentry"}}, {"model": "auth.permission", "pk": 4, "fields": {"name": "Can view log entry", "content_type": 1, "codename": "view_logentry"}}, {"model": "auth.permission", "pk": 5, "fields": {"name": "Can add permission", "content_type": 2, "codename": "add_permission"}}, {"model": "auth.permission", "pk": 6, "fields": {"name": "Can change permission", "content_type": 2, "codename": "change_permission"}}, {"model": "auth.permission", "pk": 7, "fields": {"name": "Can delete permission", "content_type": 2, "codename": "delete_permission"}}, {"model": "auth.permission", "pk": 8, "fields": {"name": "Can view permission", "content_type": 2, "codename": "view_permission"}}, {"model": "auth.permission", "pk": 9, "fields": {"name": "Can add group", "content_type": 3, "codename": "add_group"}}, {"model": "auth.permission", "pk": 10, "fields": {"name": "Can change group", "content_type": 3, "codename": "change_group"}}, {"model": "auth.permission", "pk": 11, "fields": {"name": "Can delete group", "content_type": 3, "codename": "delete_group"}}, {"model": "auth.permission", "pk": 12, "fields": {"name": "Can view group", "content_type": 3, "codename": "view_group"}}, {"model": "auth.permission", "pk": 13, "fields": {"name": "Can add content type", "content_type": 4, "codename": "add_contenttype"}}, {"model": "auth.permission", "pk": 14, "fields": {"name": "Can change content type", "content_type": 4, "codename": "change_contenttype"}}, {"model": "auth.permission", "pk": 15, "fields": {"name": "Can delete content type", "content_type": 4, "codename": "delete_contenttype"}}, {"model": "auth.permission", "pk": 16, "fields": {"name": "Can view content type", "content_type": 4, "codename": "view_contenttype"}}, {"model": "auth.permission", "pk": 17, "fields": {"name": "Can add session", "content_type": 5, "codename": "add_session"}}, {"model": "auth.permission", "pk": 18, "fields": {"name": "Can change session", "content_type": 5, "codename": "change_session"}}, {"model": "auth.permission", "pk": 19, "fields": {"name": "Can delete session", "content_type": 5, "codename": "delete_session"}}, {"model": "auth.permission", "pk": 20, "fields": {"name": "Can view session", "content_type": 5, "codename": "view_session"}}, {"model": "auth.permission", "pk": 21, "fields": {"name": "Can add user", "content_type": 6, "codename": "add_user"}}, {"model": "auth.permission", "pk": 22, "fields": {"name": "Can change user", "content_type": 6, "codename": "change_user"}}, {"model": "auth.permission", "pk": 23, "fields": {"name": "Can delete user", "content_type": 6, "codename": "delete_user"}}, {"model": "auth.permission", "pk": 24, "fields": {"name": "Can view user", "content_type": 6, "codename": "view_user"}}, {"model": "auth.permission", "pk": 25, "fields": {"name": "Can add categories", "content_type": 7, "codename": "add_categories"}}, {"model": "auth.permission", "pk": 26, "fields": {"name": "Can change categories", "content_type": 7, "codename": "change_categories"}}, {"model": "auth.permission", "pk": 27, "fields": {"name": "Can delete categories", "content_type": 7, "codename": "delete_categories"}}, {"model": "auth.permission", "pk": 28, "fields": {"name": "Can view categories", "content_type": 7, "codename": "view_categories"}}, {"model": "auth.permission", "pk": 29, "fields": {"name": "Can add comment", "content_type": 8, "codename": "add_comment"}}, {"model": "auth.permission", "pk": 30, "fields": {"name": "Can change comment", "content_type": 8, "codename": "change_comment"}}, {"model": "auth.permission", "pk": 31, "fields": {"name": "Can delete comment", "content_type": 8, "codename": "delete_comment"}}, {"model": "auth.permission", "pk": 32, "fields": {"name": "Can view comment", "content_type": 8, "codename": "view_comment"}}, {"model": "auth.permission", "pk": 33, "fields": {"name": "Can add genres", "content_type": 9, "codename": "add_genres"}}, {"model": "auth.permission", "pk": 34, "fields": {"name": "Can change genres", "content_type": 9, "codename": "change_genres"}}, {"model": "auth.permission", "pk": 35, "fields": {"name": "Can delete genres", "content_type": 9, "codename": "delete_genres"}}, {"model": "auth.permission", "pk": 36, "fields": {"name": "Can view genres", "content_type": 9, "codename": "view_genres"}}, {"model": "auth.permission", "pk": 37, "fields": {"name": "Can add review", "content_type": 10, "codename": "add_review"}}, {"model": "auth.permission", "pk": 38, "fields": {"name": "Can change review", "content_type": 10, "codename": "change_review"}}, {"model": "auth.permission", "pk": 39, "fields": {"name": "Can delete review", "content_type": 10, "codename": "delete_review"}}, {"model": "auth.permission", "pk": 40, "fields": {"name": "Can view review", "content_type": 10, "codename": "view_review"}}, {"model": "auth.permission", "pk": 41, "fields": {"name": "Can add title", "content_type": 11, "codename": "add_title"}}, {"model": "auth.permission", "pk": 42, "fields": {"name": "Can change title", "content_type": 11, "codename": "change_title"}}, {"model": "auth.permission", "pk": 43, "fields": {"name": "Can delete title", "content_type": 11, "codename": "delete_title"}}, {"model": "auth.permission", "pk": 44, "fields": {"name": "Can view title", "content_type": 11, "codename": "view_title"}}, {"model": "contenttypes.contenttype", "pk": 1, "fields": {"app_label": "admin", "model": "logentry"}}, {"model": "contenttypes.contenttype", "pk": 2, "fields": {"app_label": "auth", "model": "permission"}}, {"model": "contenttypes.contenttype", "pk": 3, "fields": {"app_label": "auth", "model": "group"}}, {"model": "contenttypes.contenttype", "pk": 4, "fields": {"app_label": "contenttypes", "model": "contenttype"}}, {"model": "contenttypes.contenttype", "pk": 5, "fields": {"app_label": "sessions", "model": "session"}}, {"model": "contenttypes.contenttype", "pk": 6, "fields": {"app_label": "users", "model": "user"}}, {"model": "contenttypes.contenttype", "pk": 7, "fields": {"app_label": "api_v1", "model": "categories"}}, {"model": "contenttypes.contenttype", "pk": 8, "fields": {"app_label": "api_v1", "model": "comment"}}, {"model": "contenttypes.contenttype", "pk": 9, "fields": {"app_label": "api_v1", "model": "genres"}}, {"model": "contenttypes.contenttype", "pk": 10, "fields": {"app_label": "api_v1", "model": "review"}}, {"model": "contenttypes.contenttype", "pk": 11, "fields": {"app_label": "api_v1", "model": "title"}}, {"model": "sessions.session", "pk": "2if95rvb9ey9u6rxdlcz2d1kacxqe30a", "fields": {"session_data": ".eJxVjEEOwiAQRe_C2hAIMgwu3XsGwjCDVE2blHZlvLtt0oVu_3vvv1XK69LS2mVOA6uLsur0u1EuTxl3wI883iddpnGZB9K7og_a9W1ieV0P9--g5d622pAhx0bquRj0EcEhOyRAYgmVyFv2AtEC2uDROLIlVmABCC5urvp8AeCcN5A:1ltCO8:iYIp54hRuunb8xD9nITVEFFCtOqoXgo8uJ5KCRSOA6c", "expire_date": "2021-06-29T16:58:08.747Z"}}, {"model": "users.user", "pk": 1, "fields": {"password": "pbkdf2_sha256$216000$Omw2P2EpFjez$8p4yURJkXpyGMTuDYFFUuNNZcQMgw7lfOmkpIoXUcjw=", "last_login": "2021-06-15T16:58:08.743Z", "is_superuser": true, "username": "ruslan", "first_name": "", "last_name": "", "is_staff": true, "is_active": true, "date_joined": "2021-06-15T16:57:58.609Z", "email": "ruslan.13.sv@gmail.com", "role": "user", "bio": "", "groups": [], "user_permissions": []}}, {"model": "users.user", "pk": 2, "fields": {"password": "capt_obvious", "last_login": null, "is_superuser": false, "username": "capt_obvious", "first_name": "", "last_name": "", "is_staff": false, "is_active": true, "date_joined": "2021-06-15T17:00:21Z", "email": "capt_obvious@yamdb.fake", "role": "admin", "bio": "", "groups": [], "user_permissions": []}}, {"model": "users.user", "pk": 3, "fields": {"password": "bingobongo", "last_login": null, "is_superuser": false, "username": "bingobongo", "first_name": "", "last_name": "", "is_staff": false, "is_active": true, "date_joined": "2021-06-15T17:09:57Z", "email": "bingobongo@yamdb.fake", "role": "user", "bio": "", "groups": [], "user_permissions": []}}, {"model": "users.user", "pk": 4, "fields": {"password": "faust", "last_login": null, "is_superuser": false, "username": "faust", "first_name": "", "last_name": "", "is_staff": false, "is_active": true, "date_joined": "2021-06-15T17:10:20Z", "email": "faust@yamdb.fake", "role": "user", "bio": "", "groups": [], "user_permissions": []}}, {"model": "users.user", "pk": 5, "fields": {"password": "reviewer", "last_login": null, "is_superuser": false, "username": "reviewer", "first_name": "", "last_name": "", "is_staff": false, "is_active": true, "date_joined": "2021-06-15T17:10:41Z", "email": "reviewer@yamdb.fake", "role": "user", "bio": "", "groups": [], "user_permissions": []}}, {"model": "users.user", "pk": 6, "fields": {"password": "angry", "last_login": null, "is_superuser": false, "username": "angry", "first_name": "", "last_name": "", "is_staff": false, "is_active": true, "date_joined": "2021-06-15T17:11:05Z", "email": "angry@yamdb.fake", "role": "moderator", "bio": "", "groups": [], "user_permissions": []}}, {"model": "api_v1.genres", "pk": 1, "fields": {"name": "Драма", "slug": "drama"}}, {"model": "api_v1.genres", "pk": 2, "fields": {"name": "Комедия", "slug": "comedy"}}, {"model": "api_v1.genres", "pk": 3, "fields": {"name": "Вестерн", "slug": "western"}}, {"model": "api_v1.genres", "pk": 4, "fields": {"name": "Фэнтези", "slug": "fantasy"}}, {"model": "api_v1.genres", "pk": 5, "fields": {"name": "Фантастика", "slug": "sci-fi"}}, {"model": "api_v1.genres", "pk": 6, "fields": {"name": "Детектив", "slug": "detective"}}, {"model": "api_v1.genres", "pk": 7, "fields": {"name": "Триллер", "slug": "thriller"}}, {"model": "api_v1.genres", "pk": 8, "fields": {"name": "Сказка", "slug": "tale"}}, {"model": "api_v1.genres", "pk": 9, "fields": {"name": "Гонзо", "slug": "gonzo"}}, {"model": "api_v1.genres", "pk": 10, "fields": {"name": "Роман", "slug": "roman"}}, {"model": "api_v1.genres", "pk": 11, "fields": {"name": "Баллада", "slug": "ballad"}}, {"model": "api_v1.genres", "pk": 12, "fields": {"name": "Rock-n-roll", "slug": "rock-n-roll"}}, {"model": "api_v1.genres", "pk": 13, "fields": {"name": "Классика", "slug": "classical"}}, {"model": "api_v1.genres", "pk": 14, "fields": {"name": "Рок", "slug": "rock"}}, {"model": "api_v1.genres", "pk": 15, "fields": {"name": "Шансон", "slug": "chanson"}}, {"model": "api_v1.categories", "pk": 1, "fields": {"name": "Фильм", "slug": "movie"}}, {"model": "api_v1.categories", "pk": 2, "fields": {"name": "Книга", "slug": "book"}}, {"model": "api_v1.categories", "pk": 3, "fields": {"name": "Музыка", "slug": "music"}}, {"model": "api_v1.title", "pk": 2, "fields": {"name": "Побег из Шоушенка", "year": 1994, "description": "", "category": null, "genre": [1]}}, {"model": "api_v1.title", "pk": 3, "fields": {"name": "Крестный отец,", "year": null, "description": "", "category": 1, "genre": [1]}}, {"model": "api_v1.title", "pk": 4, "fields": {"name": "12 разгневанных мужчин", "year": null, "description": "", "category": 1, "genre": [2]}}, {"model": "api_v1.title", "pk": 5, "fields": {"name": "Криминальное чтиво", "year": null, "description": "", "category": 1, "genre": [2]}}, {"model": "api_v1.title", "pk": 6, "fields": {"name": "Колобок", "year": null, "description": "", "category": 2, "genre": [1]}}, {"model": "api_v1.title", "pk": 7, "fields": {"name": "Страх и ненависть в Лас-Вегасе", "year": null, "description": "", "category": 2, "genre": [6]}}, {"model": "api_v1.title", "pk": 8, "fields": {"name": "Винни Пух и все-все-все", "year": null, "description": "", "category": 2, "genre": [2]}}, {"model": "api_v1.title", "pk": 9, "fields": {"name": "Стас Михайлов - Позывные на любовь", "year": null, "description": "", "category": 3, "genre": [15]}}, {"model": "api_v1.title", "pk": 10, "fields": {"name": "Elvis Presley - Blue Suede Shoes", "year": null, "description": "", "category": 3, "genre": [7]}}, {"model": "api_v1.title", "pk": 11, "fields": {"name": "оцарт - Турецкий марш", "year": null, "description": "", "category": 3, "genre": [12]}}, {"model": "api_v1.review", "pk": 2, "fields": {"title_id": 2, "text": "Ставлю десять звёзд!\r\n...Эти голоса были чище и светлее тех, о которых мечтали в этом сером, убогом месте. Как будто две птички влетели и своими голосами развеяли стены наших клеток, и на короткий миг каждый человек в Шоушенке почувствовал себя свободным.", "author": 2, "score": 10, "pub_date": "2021-06-15T17:09:54.279Z"}}, {"model": "api_v1.review", "pk": 3, "fields": {"title_id": 3, "text": "Жестокий, жестокий, жестокий мир, не о таком мечтали мы в детстве!!111\r\n***Отец сделал ему предложение, от которого он не смог отказаться. Лука Брази держал пистолет у его виска, и отец предложил выбор: либо на контракте мозги, либо подпись.***\"", "author": 3, "score": 1, "pub_date": "2021-06-15T17:14:26.237Z"}}, {"model": "api_v1.review", "pk": 4, "fields": {"title_id": 4, "text": "то мои соседи! Ставлю три звезды за то, что они дважды отдавили мне окном пальцы:\r\n----------------------\r\n— Вы живёте в плохом районе?\r\n— Не то слово. Однажды с нашей улицы угнали полицейскую машину с двумя полицейскими. В дом всё время лезут воры. Каждый раз, как я пытаюсь закрыть окно, прищемляю кому-нибудь пальцы", "author": 5, "score": 3, "pub_date": "2021-06-15T17:14:47.774Z"}}, {"model": "api_v1.review", "pk": 5, "fields": {"title_id": 5, "text": "Всё, как в разных языках программирования! В основном — похоже, но вот эти маленькие различия выводят из себя. \r\nВеликий фильм на все случаи жизни!\r\n=====================================================\r\n— А знаешь, как в Париже называют четвертьфунтовый чизбургер?\r\n— Что, они не зовут его четвертьфунтовый чизбургер?\r\n— У них там метрическая система. Они вообще там не понимают, что за хрен четверть фунта.\r\n— И как они его зовут?\r\n— Они зовут его «Роял чизбургер».\r\n— «Роял чизбургер»? А как же тогда они зовут «Биг Мак»?\r\n— «Биг Мак» это «Биг Мак», только они называют его «Лё Биг Мак».", "author": 6, "score": 1, "pub_date": "2021-06-15T17:15:08.828Z"}}, {"model": "api_v1.review", "pk": 6, "fields": {"title_id": 6, "text": "Вечная проблема всех злодеев, болтающих-болтающих-болтающих вместо того, чтобы просто застрелить противника, одним махом решена в этой сцене.\r\nЗа одно это фильм заслуживает высшего балла\r\n\"\"Пришел стрелять - стреляй, а не болтай!\"\"", "author": 4, "score": 8, "pub_date": "2021-06-15T17:15:32.419Z"}}, {"model": "api_v1.review", "pk": 7, "fields": {"title_id": 7, "text": "Будущее выглядит странно и неожиданно, тоже мне, бином Ньютона. Но диалог прекрасен, и за это не стану сильно минусовать.\r\n-- Then tell me, future boy, who's President of the United States in 1985?\r\n-- Ronald Reagan.\r\n-- Ronald Reagan? The actor? Then who's vice president? Jerry Lewis?", "author": 4, "score": 5, "pub_date": "2021-06-15T17:15:54.361Z"}}, {"model": "api_v1.review", "pk": 8, "fields": {"title_id": 8, "text": "Скачал, посмотрел, думаю, что актёры так себе, сценарий хороший. Диалоги прекрасные, так что пусть будет восемь звезд", "author": 6, "score": 8, "pub_date": "2021-06-15T17:16:12.860Z"}}, {"model": "api_v1.review", "pk": 9, "fields": {"title_id": 9, "text": "Ничего не понятно. О чём эта песня, чему она учит?", "author": 5, "score": 6, "pub_date": "2021-06-15T17:16:37.591Z"}}, {"model": "api_v1.review", "pk": 10, "fields": {"title_id": 10, "text": "Мы прыгали, вертелись и кружились так, что пол ходил ходуном!", "author": 3, "score": 6, "pub_date": "2021-06-15T17:16:54.276Z"}}, {"model": "api_v1.review", "pk": 11, "fields": {"title_id": 11, "text": "Это единственный риф, который я умею играть на своей супердорогой гитаре! Моя любимая песня", "author": 3, "score": 3, "pub_date": "2021-06-15T17:17:20.026Z"}}, {"model": "api_v1.comment", "pk": 1, "fields": {"review": 3, "author": 5, "text": "Ничего подобного, в фильме всё не так, и программирование тут вообще ни при чём!", "pub_date": "2021-06-15T17:17:45.577Z"}}, {"model": "api_v1.comment", "pk": 2, "fields": {"review": 5, "author": 5, "text": "у надо же, не нашлось ничего лучшего, кроме как прокомментировать разговор про гамбургеры, будто в фильме ничего важнее этого нет", "pub_date": "2021-06-15T17:17:58.131Z"}}, {"model": "api_v1.comment", "pk": 3, "fields": {"review": 9, "author": 2, "text": "Кстати, а что такое \"\"четверть фунта\"\"? В граммах это сколько?", "pub_date": "2021-06-15T17:18:11.722Z"}}, {"model": "api_v1.comment", "pk": 4, "fields": {"review": 11, "author": 3, "text": "Вот это да, никогда не слышал об этом! Спасибо за информацию", "pub_date": "2021-06-15T17:18:28.126Z"}}, {"model": "api_v1.comment", "pk": 5, "fields": {"review": 4, "author": 6, "text": "Почему обязательно  нужно любой разговор сводить к навозу? Хорошая детская сказка, ва вы тут пишете про какие-то субстанции неприятные. Фу таким быть", "pub_date": "2021-06-15T17:18:46.573Z"}}]